<changelog><commit>
					<time>1462905259</time>
					<sha1>845e12f46e8cc9bbf299fa631fb49a1c857208cc</sha1>
					<author>ucews</author>
					<branches>refs/heads/master</branches>
					<msg>master-branch and RotateImageTest-branche merged</msg>
				</commit><commit>
					<time>1462905110</time>
					<sha1>b4879baaac02d596827085f6d71d9195ffe203fc</sha1>
					<author>ucews</author>
					<branches>refs/heads/RotateImageTest</branches>
					<msg>patch created for Generator class</msg>
				</commit><commit>
					<time>1462903633</time>
					<sha1>f4ba8ff1d3afc315fc1b4f5fce7599fe3fbb1908</sha1>
					<author>ucews</author>
					<branches>refs/heads/RotateImageTest</branches>
					<msg>created tearDown(...) method´and implemented it into the test-methods. Rotated pictures are now getting saved.</msg>
				</commit><commit>
					<time>1462899111</time>
					<sha1>e279dbdeef9e3e07d0700bf3e919f6e2441c2bbb</sha1>
					<author>ucews</author>
					<branches>refs/heads/RotateImageTest</branches>
					<msg>added testRotate90() medthod and testRotate270() method</msg>
				</commit><commit>
					<time>1462897568</time>
					<sha1>015a58b14e50730aefab3cc61f41e719cbb93585</sha1>
					<author>ucews</author>
					<branches>refs/heads/RotateImageTest</branches>
					<msg>corrected rotateImage to prevent NullpointerException</msg>
				</commit><commit>
					<time>1462896995</time>
					<sha1>5aae551f09baa7066da15e8cdd932cd643aae908</sha1>
					<author>ucews</author>
					<branches>refs/heads/RotateImageTest</branches>
					<msg>added testNullPointerForImageRotate() in Tester.java and prevented NullPointerException for the rotateImage(...) method</msg>
				</commit><commit>
					<time>1462895974</time>
					<sha1>ffbaa2e298d00b671e4f600055362e93aa79f3ac</sha1>
					<author>ucews</author>
					<branches>refs/heads/RotateImageTest</branches>
					<msg>added testIllegalArgumentForImageRotate()</msg>
				</commit><commit>
					<time>1462894400</time>
					<sha1>4245c17d89dcbbbf4e81ff83b74f9fb9fcc33a7f</sha1>
					<author>ucews</author>
					<branches>refs/heads/RotateImageTest</branches>
					<msg>added src/test/resources/picture.jpg, Tester class created, added setUp() methode, added testRotateBufferedImage() method and added testRotateNullImage()</msg>
				</commit><commit>
					<time>1462888851</time>
					<sha1>8cb6da5811fc15f4c4692495ae928352eab53cd5</sha1>
					<author>ucews</author>
					<branches>refs/heads/master,refs/heads/RotateImageTest</branches>
					<msg>Main.java modified: line 62 &quot;final&quot; added, line 109 &quot;{&quot; moved one line
to the top, line 193 moved &quot;{&quot; moved one line to the top an withespace
added</msg>
				</commit><commit>
					<time>1462887853</time>
					<sha1>1e3ca1fd068cb89f402924192d7c80c066c84820</sha1>
					<author>ucews</author>
					<branches>refs/heads/master,refs/heads/RotateImageTest</branches>
					<msg>set addClasspath to true. Jar is executable</msg>
				</commit><commit>
					<time>1462885721</time>
					<sha1>6961c1781a7a8866d2e09cd3d4a7e903ca12ac05</sha1>
					<author>ucews</author>
					<branches>refs/heads/master,refs/heads/RotateImageTest</branches>
					<msg>copied src.xml, checkstyle_swt1.xml, checkstyle.launch and integration-test.launch to jmjrst.main project</msg>
				</commit><commit>
					<time>1462885164</time>
					<sha1>69d1df8e459d53a197b41cfa15e225d8f09e0bf7</sha1>
					<author>ucews</author>
					<branches>refs/heads/master,refs/heads/RotateImageTest</branches>
					<msg>moved the messages_de.properties and the messages_en.properties file to jmjrst.main\src\main\resources\org\jis</msg>
				</commit><commit>
					<time>1462884903</time>
					<sha1>2d98bb1ee2c28766e573db141bc16f7578f99755</sha1>
					<author>ucews</author>
					<branches>refs/heads/master,refs/heads/RotateImageTest</branches>
					<msg>moved LICENSE, options.properties and the folders src and templates to their corresponding directory</msg>
				</commit><commit>
					<time>1462884044</time>
					<sha1>91dfe24ad24ade42c43ffd0659dfdd152e92e7db</sha1>
					<author>ucews</author>
					<branches>refs/heads/master,refs/heads/RotateImageTest</branches>
					<msg>Repositories added to pom.xml and jmjrst.main created</msg>
				</commit><commit>
					<time>1462882068</time>
					<sha1>be0700ec6808367c10660060db15b6739cb7d11d</sha1>
					<author>ucews</author>
					<branches>refs/heads/master,refs/heads/RotateImageTest</branches>
					<msg>iMage-Project created and src.xml added to iMage/src/assembly</msg>
				</commit></changelog>